{
    "calibrated": false,
    "params": {
        "c1": 0.0,
        "c2": 0.0,
        "c3": 0.0,
        "c4": 0.0,
        "c5": 0.0,
        "c6": 0.0
    },
    "samples": [
        {
            "pan": 124.0,
            "tilt": 86.0,
            "x": 234,
            "y": 168.33331298828125,
            "ts": 1765803733.606439,
            "type": "x_calib"
        },
        {
            "pan": 124.0,
            "tilt": 86.0,
            "x": 234,
            "y": 168.33331298828125,
            "ts": 1765803736.373741,
            "type": "y_calib"
        }
    ]
}